﻿1,Charburner,None,Coal,1,0,0,0,card_stone
2,Brick Manufacture,Clay,Brick,2,2,3,1,card_clay
3,Cattle Ranch,Clay,Cattle,3,2,6,1,card_clay
4,Tannery,Clay,Leather,3,3,4,1,card_clay
5,Mill,Wheat,Flour,1,2,3,0,card_wheat
6,Weaving Mill,Cotton,Cloth,2,1,6,0,card_cotton
7,Butcher,Cotton,Beef,3,3,3,0,card_cotton
8,Iron Smelter,Wood,Iron,1,2,4,1,card_wood
9,Sawmill,Wood,Plank,2,3,4,1,card_wood
10,Charburner,None,Coal,1,0,0,0,card_stone
11,Brick Manufacture,Clay,Brick,2,2,3,1,card_clay
12,Cattle Ranch,Clay,Cattle,3,2,6,1,card_clay
13,Tannery,Clay,Leather,3,3,4,1,card_clay
14,Mill,Wheat,Flour,1,2,3,0,card_wheat
15,Weaving Mill,Cotton,Cloth,2,1,6,0,card_cotton
16,Butcher,Cotton,Beef,3,3,3,0,card_cotton
17,Iron Smelter,Wood,Iron,1,2,4,1,card_wood
18,Sawmill,Wood,Plank,2,3,4,1,card_wood
19,Charburner,None,Coal,1,0,0,0,card_stone
20,Brick Manufacture,Clay,Brick,2,2,3,1,card_clay
21,Cattle Ranch,Clay,Cattle,3,2,6,1,card_clay
22,Tannery,Clay,Leather,3,3,4,1,card_clay
23,Mill,Wheat,Flour,1,2,3,0,card_wheat
24,Weaving Mill,Cotton,Cloth,2,1,6,0,card_cotton
25,Butcher,Cotton,Beef,3,3,3,0,card_cotton
26,Iron Smelter,Wood,Iron,1,2,4,1,card_wood
27,Sawmill,Wood,Plank,2,3,4,1,card_wood